Spell Name,Requirement,Range,Cast Time,FP Cost,Duration,Description,Rarity
Mage Light,Any 1,60 feet,Action,1,1 hour,"Create a palm-sized globe of light at a targeted point in space. The globe gives off light to a 30 radius. It gives off dim light for another 30 foot radius. As an action or as part of their movement, the caster can move the globe up to 30 feet per round.",Common
Distant Voices,Any 2,Self,Action,1,1 Year,"Place a recording of your voice onto a physical object or location that will repeat it if activated with faez, or a command word. The recording can be no longer than 30 seconds. Escalation: Add an additional year of duration and 30 seconds for 1 FP. Or cast the spell at 5 FP to make it permanent and 2 minutes.",Common
Reveal Faez Residue,Any 3,Self,1 action,1,10 minutes,Caster can see residue left by faez use up to 20 feet away. Left over magic will generally only stick around for a short time depending on the level of the spell. Residue will remain for 10 minutes per Faez Point spent. Escalation: The caster can see slight color differences that show the different elements or spell type for 2 additional FP.,Common
Weather Protection,Any 3,Self,Action,1,8 hours,"Protect yourself from natural weather phenomena (cold, rain, wind, heat) that are not dangerous (hurricanes, sand storm, heat wave, deep frost, tornado, etc.).",Common
Look Away,Any 5,Self,Action,1,1 hour,"Unless someone is actively looking for you, the player can move through crowded public spaces without being noticed. Only works if there are other people around. If someone is actively looking for you, any perception checks are at disadvantage. If you are making a scene (casting a spell, or other physical action) it will ruin the effect.",Common
Darkvision,"Any 6, CON 11",Target person (touch),Action,2,1 hour,"Target can see in the dark up to 60 feet normally and another 30ft in dim light. Can only see in black and white. Escalate: For 1 FP , increase range by 30 feet and duration by 1 hour",Common
Produce Flame,Fire 1,60 feet,Action,0,Concentration,"Create a small flame on your hand or other body part without causing injury to oneself. Can use for light, starting small fires, or cause pain but no damage to another target.",Common
Color Warp,Fire 1,Touch,Action,0,1 hour,Caster selects up to 5 simultaneously touched items during casting. Those items’ colors change to any other color on the visible spectrum the caster wishes for the duration of the spell.,Common
Minor Transformation,Fire 2,Touch,1 minute,1,Permanent,"Take a small simple item less than 5lbs and no larger than a 1ft cube and transform it into another small simple item of a similar size (ex. - change a toothbrush into a sharp knife). The spell cannot dramatically change the value (i.e. - no corn to gold, but the rocks might look like gold). The item must be in your possession. The transformation might introduce long term problems with the items. Escalation: Can spend 1 point to increase the weight by 5lbs and the size by 0.5ft cube",Common
Flame Spray,Fire 2,15 ft,Action,0,Instant,"Shoot a 15 ft spray of flame in an 45 degree arc dealing 1d6 fire damage (Dex save for half). At level 6, 9, 12, and 15 damage increases by 1d6 damage. Escalation: Can spend 1 point to increase damage by another 1d6 (Max 2)",Common
Fire Proof Skin,Fire 3,Self,Bonus action,1,5 minutes,Give fire resistance. Escalation: Can spend 1 additional point to give to another target,Common
Quick-Tailor,Fire 3,Touch,Action,1,24 hours,"The caster quickly alters the size and fit of the touched individual’s clothing as if they had been altered by a high-end tailor. Escalation: Can spend 1 additional point to cause the touched clothing to restrain their wearer. Upon cast, the wearer makes a STR saving throw. On a success, they rip their clothing in a way that allows free movement. On a failure, they are restrained. At the end of each of their turns, they can make another STR saving throw or they can make a DEX saving throw. If they are successful on the DEX saving throw, they are able to wiggle out of their restraining clothing. The duration decreases to 10 rounds.",Common
Flame Punch,Fire 4,Self,Bonus action,1,3 rounds,Flames encase casters hands and they can make melee attacks for normal punch damage plus 1d8 fire damage. Escalation: Can spend 1 FP to increase damage by 1d8 (Max 1 increase).,Common
Flame Rays,Fire 5,60 feet,Action,1,Instant,Shoot 3 rays from your hand. Must hit a target with a ranged spell attack to succeed. Each ray deals 2d8 damage. Escalation: Can spend 1 additional point to add another ray and increase range by 20 feet (Max 2 increase).,Common
Burning Both Ends,Fire 5,Self,Bonus,3,3 Rounds,"For the duration of the spell, the caster can take 1 additional action per turn. They also take 1d6 fire damage that cannot be resisted at the end of each of their turns during the spell’s duration. After the spell is over they gain a level of exhaustion for 5 rounds.",Common
Enbrittle (Curse),Fire 6,30 feet,Action,3,5 Rounds,"Target enemy must make a DC save or become enbrittled for five rounds. Being enbrittled means the target cannot prevent damage, or be healed during the duration, and all attacks against the target have their critical range increased by 3. On a successful save, all attacks against target for the next round are at advantage.",Common
Repair Flesh,Water 1,Touch,Action,0,Permanent,Repair small superficial or visible wounds like bruising or small cuts.,Common
Boost Attribute,Water 2,Touch,Bonus action,1,1 round,Roll a 1d8 to add to a skill check or ability check. Cannot cast multiple of the same attribute or skill. Can cast multiple spells of different abilities or skills on the same person.,Common
Water Splash,Water 2,30 feet,Action,0,Instant,"Lob a dirty water bulb with a ranged attack that if it hits the target, deals 1d6 damage and the target loses their reaction until the end of your next turn. At level 6, 9, 12, and 15, increase the number of targets by 1. Escalation: Can spend 1 point to increase the number of targets by 1 (Max 2)",Common
Wet Slap,Water 2,15 feet,Reaction,1,Instant,"When given an opportunity attack, or hit by a damaging attack, the caster can use their reaction to deliver a ranged attack of a faez-charged slap dealing 1d6 water damage. At level 6, 9, 12, and 15, increase the damage by 1d6.",Common
Living Water,Water 3,Self,Bonus,1,Concentration,Get a swim speed equal to your land speed. Escalation: Can spend 1 point to increase swim speed by 20 feet,Common
Healing Touch,Water 3,Touch,Action,1,Instant,Heal target 1d8 damage. Escalation: Can spend 1 point to increase healing by 1d8 (Max 3),Common
Healing Waves,Water 4,30 feet,Bonus action,1,Instant,Heal target 1d6 damage. Escalation: Can spend 1 point to increase healing by 1d6 (Max 3),Common
Cursed Momentum,Water 4,5 feet,Reaction,1,Instant,"When given an opportunity attack, or hit by a damaging attack (within 15ft), or the target fails a spell save (within 15ft), the caster can use their reaction to hit them with the Cursed Momentum spell. Target must make a DC STR Save or have their movement reduced by 50% for 2 rounds and take 1d8 water damage. If the target makes a save, they only take damage. Escalation: Can spend 1 additional point to change to loss of movement and 2d8 damage (Max 2)",Common
River of Reflection,Water 5,3 Allies,Action,1,Concentration,Increase AC by 2 and give 10 temporary hit points. Escalation: Can spend 1 additional point to give to an additional target,Common
Reactionary Flow,Water 5,Self,Action,3,5 Rounds,"While this spell is active, player can cast spells as a reaction that normally require an action or bonus action. They can use these spells either as an opportunity attack, if they are damaged by an attack (max 15ft range), or an enemy fails their spell save (max 15ft range). The player also heals 1d4 damage at the end of each of their turns during the duration. Players still have to meet requirements for a reaction to use it.",Common
Bubble Bounce,Water 6,5 feet,Reaction,1,Instant,"When hit by an attack, gain resistance to that attack (50% damage down) and move up to 15 feet.",Common
Zephyr Message,Air 1,1 mile,Bonus action,0,Instant,Send a 30 word or less message to someone known by the caster. Must know the general location of the target and cannot be blocked by a sealed container. The message must be spoken which is transported to the other person through the air and into their ear.,Common
Gentle Breeze,Air 1,60 feet,Bonus action,0,1 hour,Caster creates a 30-foot area breeze centered on a target until dismissed for up to one hour. This can be as light as the caster wants or can be powerful enough to blow around items under a weight of 0.5 pound.,Common
Battering winds,Air 2,30 feet,Action,1,1 round,"Call up winds to batter a large or smaller target. The target loses their bonus action, movement is halved, and have to make an DC STR Save or be knocked prone. Any intimidation skill checks versus this opponent are made at advantage for 1 hour afterwards.",Common
Wind Dart,Air 2,60 / 120,Action,0,Instant,"Shoot a dart of compacted wind at a target to deal 1d10 damage upon hit (ranged attack). At level 6, 9, 12, and 15, increase the number of wind dart targets by 1. Escalation: Can spend 1 point to increase the number of targets by 1 (Max 2).",Common
Wind Jump,Air 3,Self,Bonus action,1,Instant,Jump triple normal jumping distance,Common
Down Gust,Air 4,50 feet,Action,1,Instant,"Target make a DC STR Save or take 3d6 + Air FE damage and be knocked prone, save reduces the damage by half. Escalation: Spend 1 FP to increase damage by 1d6.",Common
Torrential Sprint,Air 4,Self,Action,2,Instant,Caster gains 4 movement actions this round.,Common
Whirling Squall,Air 5,80 feet,Action,3,Instant,Move all willing and/or friendly targets up to 10 feet then deal 4d8 damage to all targets in a 20’ by 20’ area from materials swept up in squall level winds battering the targets. Dex save for half. Escalation: Can spend 1 additional point to increase damage by 2d8 (Max 1),Common
Living Tornado,Air 5,Self,Action,3,3 rounds,"Increase speed by 20 feet and create a 10 ft radius field of whirling debris around the caster. Anyone caught in the debris, entering the debris, or starting its turn in the field takes 3d10 damage unless they make a DEX save (save takes half damage). Caster does not provoke opportunity attacks while the spell is active. Escalation: Can spend 1 additional point to increase damage by 2d10 (Max 1)",Common
Call the Storm,Air 6,100 feet,Action,3,"Concentration, up to 3 rounds","You call a dangerous storm of crashing lightning and battering winds to a 20- foot-radius, 40-foot-high cylinder centered on a point within range. Each creature in the cylinder must make a Dexterity saving throw. A creature takes 5d10 lightning damage on a failed save, or half as much damage on a successful one. Each round, if one of the damage die is a 10, each creature in the cylinder must make a Strength saving throw. A creature is knocked prone on a failed save. Escalation: Can spend 1 additional point to increase damage by 2d10 (Max 1)",Common
Minor Warding,Earth 1,Self,Bonus,0,1 round,"Until the end of your next turn, you have resistance against bludgeoning, piercing, and slashing damage by non-magical weapon attacks. Escalation: Can spend 1 point to make Minor Warding an Aura with a duration of 1 hour",Common
Simple Repair,Earth 2,Touch,Action,1,Instant,"Repair a simple object or machine (sewing machine, bicycle, etc.)",Common
Rock Blast,Earth 2,60 feet,Action,0,Instant,"Shoot a dense rock at a target dealing 1d6 damage upon hit (ranged attack); Critical range for this spell is lower by 1. At level 6, 9, 12, and 15 increase the number of targets by 1. Escalation: Can spend 1 point to increase number of targets by 1 (Max 2)",Common
Harden Skin (Aura),Earth 3,Self,Action,1,8 hours,Increase AC by 2,Common
Bullet Proof,Earth 4,Self,Action,1,"Until long rest, or ward is consumed","Caster gains +4 AC versus bullets, and the first time they are damaged by a bullet, they take no damage and the ward is consumed.",Common
Fragile Homunculus,Earth 4,Not specified,1 minute,2,1 hour,"Using common materials like mud, dirt, broken chairs, etc. create a homunculus that has 5 hit points, weights 20 lbs, and is 1 foot tall. The homunculus is psychically connected to the caster and can follow mental orders for up to 200 feet. The homunculus can speak for the caster, carry small objects less than 2 lbs, be used as a scout, or whatever the caster can think of. It cannot easily deal damage. Escalation: Can spend 1 additional point to increase duration by 1 hour.",Common
Stunning Blast,Earth 5,60 feet,Action,1,Instant,Shoot a dense ball of earthen magic at the target dealing 5d6 damage upon hit with a ranged attack. Target must make a CON save or be stunned for 1 round. Escalation: Can spend 1 additional point to increase damage by 2d6 (Max 1).,Common
Weaving Auras,Earth 5,Self,Action,3,8 hours,"During the duration of the spell, the target can have up to 2 active auras.",Common
Major Warding (Aura),Earth 6,Self,Action,2,1 hour,"You have resistance against bludgeoning, piercing, and slashing damage by non-magical and magical weapon attacks. Critical attacks against you are treated as non-critical attacks. Critical range for your attacks reduced by 1. Escalation: Can spend 1 additional point to increase duration to 4 hours.",Common
Eidetic Memory,Spirit 1,Self,Action,0,Instant,Remember a piece of trivia or fact that you once knew. Cannot be information that you are not consciously aware of or did not intend to remember (vaguely overheard information doesn’t count).,Common
Useless Clairvoyance,Spirit 1,Self,Action,0,Instant,The caster has a flash of insight and suddenly knows one useless fact or one thing that will happen to someone somewhere that will not directly affect the caster.,Common
Reveal Elemental Aura,Spirit 2,5 feet,Action,1,1 minute,"Reveal elemental information about target item (less than 200 lbs) and other useful arcane information about it’s history. Gain advantage if an Arcane, or other similar knowledge check is required.",Common
Force Bolt,Spirit 2,100 feet,Action,0,Instant,"Shoot a bolt of force energy at a target dealing 1d6 damage upon hit (ranged attack) and push target back 5 feet. +2 to hit for all force bolt attacks. At level 6, 9, 12, and 15, increase number of targets by 1. Escalation: Can spend 1 point to increase number of targets (Max 3)",Common
Stepping Stones,Spirit 3,Self,Bonus action,1,Until end of next round,"Create force pads to quickly climb to a higher elevation, or cross an open span; can reach 30 feet high (maximum 45 degree angle) or 60 feet long; the stones last until the end of the caster’s next round. This spell does not move the player but only provides a way for them to cross a space. Escalation: Can spend 1 point to climb another 20 feet higher or 30 feet longer",Common
Foresight,Spirit 4,"Self, or Willing Target",1 minute,2,Until long rest,"For the duration, the target has limited insight into the future and can foresee small shifts in the future. Roll 2 d20s and save the results. At any time, you can replace your or an enemy’s d20 dice roll with one of these saved dice. Can only cast this spell once per day. All additional castings automatically fail. Escalation: Can spend 1 additional point for another d20",Common
Wall of Force,Spirit 4,50 feet,Bonus Action,2,Until beginning of next turn,"Caster creates an invisible wall of force up to 100 square feet in size. The entirety of the wall has to be connected and must not have any holes. It can be bent at 90 degree angles. Upon cast, an outer side of the wall and an inner side of the wall is chosen. Those within 10 feet of the outer side of the wall must roll a STR saving throw or be pushed 10 feet directly away from the wall. If this movement causes impact with a solid surface, that individual is dealt 1d6 physical damage. Those within 10 feet of the inner side of the wall can choose to be pushed 10 feet directly away from the wall; this movement does not cause damage. This wall dissipates on the beginning of your next turn. Escalation: Spend 1 FP to increase square footage of the wall by 50ft",Common
Force Wave,Spirit 5,20 feet wide and 40 feet long,Action,2,Instant,All creatures caught in the force wave take 5d6 damage. All creatures must make a STR save or be pushed back 10 feet and knocked prone. Making the save takes half damage but is not pushed or knocked prone. Escalation: Can spend 1 additional point to increase damage by 2d6 and pushed back 5 more feet (Max 1),Common
Perfection of Insight,Spirit 5,Self,Bonus,3,5 rounds,"While the spell is active caster rolls advantage on all attacks, checks, and saving throws. They do not provoke opportunity attacks and reroll all 1s for attacks, checks, and damage. The caster can also spend 1 FP while the spell is active to cast a spell that normally requires an action as a bonus action.",Common
Greater Location,Spirit 6,Touch,1 Action,2,"Concentration, up to 1 hour","Create a divining apparatus out of materials at hand. A stick on a string, a floating bottle, etc. As you imbue the materials with faez, describe or name an object or creature familiar to you. The apparatus points you unerringly to the object or creature as long as it is within 1,000 feet of you. Escalation: Can spend 1 additional point to increase distance the apparatus can pick up to 2,500 feet.",Common
Iron Stomach,Fire 1 / Water 1,Self,Bonus,0,1 hour,"Give yourself advantage versus poisons, the ability to eat any disgusting non-dangerous foods without showing revulsion, and keep yourself from vomiting (if you so choose).",Common
Acid Blob,Water 2 / Fire 2,30 feet,Action,0,1 turn,Lob an acid blob at target dealing 1d6 upon hit (ranged attack); target takes an additional 1d6 damage the following turn unless they use a bonus action (or action) to clean off the acid. Escalation: Can spend 1 point to increase initial damage by another 1d6,Common
Acid Jet,Fire 5 / Water 5,5 feet,Reaction,2,Instant,"When given an opportunity attack, or damaged by an enemy (range 15ft), or an enemy fails a spell save (range 15ft), the caster may hit the target with an acid jet which deals 5d6 fire damage and reduces their movement by half for the rest of their turn.",Common
Electric Touch,Air 1 / Fire 1,Touch,Action,0,Instant,"With a successful melee hit, target takes 1d6 electricity damage. They must roll a DC CON save or drop anything they are currently holding.",Common
Hot Fist,Fire 3 / Air 3,30 feet,Action,1,Instant,"Target enemy must make a DC CON save or take 1d8 fire damage and then drop the metal, or other material that can hold heat, item in their hands.",Common
Lightning Blast,Fire 5 / Air 5,30 foot arc,Action,3,Instant,"In a 30 feet arc, blast electricity for 6d8 electrical damage to anyone in range with half damage on a DC DEX save. Escalation: Can spend 1 additional point increase damage by 2d8 (Max 1)",Common
Exploding Rock Blast,Fire 1 / Earth 1,50 feet,Action,1,Instant,Lob a fiery rock at a target within range dealing 1d6 fire damage and 1d6 bludgeoning damage. Everyone within 5 feet takes 1d6 fire damage. Escalation: Spend 1 additional faez point to increase damage by 1d6 for all fire damage.,Common
Flame Spear,Fire 3 / Earth 3,100 feet,Action,1,Instant,A flaming spear is hurled at the target and upon hit (ranged attack) takes 2d8 fire damage. Escalation: Can spend 1 point to increase damage by 1d8 and range by 50 feet.,Common
Lava Spikes,Earth 5 / Fire 5,100 feet,Action,3,Concentration,A field of 30’ by 30’ grows rocky spikes that pierce flesh and create havoc. Anyone caught in the field must make a DEX save or take 4d6 piercing and 4d6 fire damage (save takes half damage). Anyone moving through the field takes 1d6 fire damage for every 10 feet traveled. The field is difficult terrain for as long as the spell is active. Escalation: Can spend 1 additional point to increase piercing and fire damage by 1d6 (Max 1),Common
Fiery Ankle Bracelets,Fire 1 / Spirit 1,100 feet,Action,1,Instant,"Target must succeed a DC Dex save or have fiery bracelets on their ankles which cause 1d4 fire damage each turn and reduce their speed by half if they fail, or only the reduced speed until the end of their next turn if they save. Target can save at the end of successive rounds.",Common
Brimstone Blast,Fire 2 / Spirit 2,Self,Bonus,1,Instant,"You jump up to 15 feet without triggering opportunity attacks. Upon landing at your destination, fire erupts around you causing 1d6 fire damage to any adjacent individuals who fail a Dex save.",Common
Noodle Fingers,Fire 1 / Spirit 3,30 feet,Action,1,"Concentration, up to 1 minute","Target makes a CON save. On a failure, their fingers have the consistency and usefulness of cooked pasta noodles and cannot use their hands for spells or weapons. Target gets another CON save at the end of each of their turns.",Common
Soul Scorch,Fire 5 / Spirit 5,50 feet,Action,2,Instant,Target must make a DC CHA save or become soul scorched. Failure to save takes 6d8 spirit damage and cannot heal for the next 3 rounds. Success takes half damage. Escalation: Spend 1 FP to increase damage by 2d8 (Max 1),Common
Hoar Frost Crown,Water 1 / Air 1,Target,Action,1,1 hour,"Gain resistance versus cold, ignore difficult terrain if it’s ice or an icy surface, and unarmed attacks can be cold or bludgeoning damage.",Common
Gusting Steps,Water 4 / Air 4,Self or Touch,Action,2,1 hour,"For the duration, the willing target is not affected by difficult terrain, or have their speed reduced by any manner. They cannot be paralyzed or restrained by spell effects (physical restraining can still occur). Increase speed by 10 feet. Escalation: Can spend 1 additional point to give to another target",Common
Forced Chill,Water 5 / Air 5,50 feet,Action,2,Concentration,"Target enemy is coated in a sheen of glistening ice. They take 1d6 cold damage every turn. If they choose to move (forced movement doesn’t count), the ice hardens around them. For every 10 feet of movement, more ice forms on their body and they take another 1d6 cold damage and must make a DC CON save or become incapacitated. Once incapacitated, they may make a new save at the end of each of their turns. The spell only goes away if concentration is broken or the target is unconscious.",Common
Green Hands,Earth 1 / Water 1,"5 feet radius, or one big plant",Action,0,1 week,"Touch any plant or green area to improve growth, or keep it from falling ill if in difficult conditions for the following week. Can only have 1 Green Hands spell active at a time.",Common
Grasping Vines,Water 2 / Earth 2,50 feet,Action,1,1 minute,Target is surrounded by 10’ radius grasping vines. All creatures in the zone must make a DC DEX save or become immobilized. The area becomes difficult terrain. Can make a new save at the end of their next turn. Escalation: Can spend 1 additional faez point to increase DC save by 2.,Common
Verdant Lash (Aura),Water 5 / Earth 5,Self,Action,2,8 hours,The caster grows two thorny vines that act as separate limbs. These limbs can be used to hold things or be used as a weapon themselves. The caster gains unarmed proficiency for these vines and uses your spell ability for attack bonuses. Damage is 2d6 + spell bonus modifier. Range 10 feet. An attack takes an action. The vines also give the caster advantage on athletics and acrobatics checks. The caster gets an additional free object interaction using their hands. Escalation: Can spend 1 FP during your turn to make a second attack with the vines (Max 1).,Common
Hangover Removal,Water 1 / Spirit 1,Self,Action,0,Instant,Removes the physical and mental effects of alcohol from the caster. Escalation: Can spend 1 point to target someone other than the caster.,Common
Loose Lips,Water 2 / Spirit 2,30 feet,Action,1,Instant,"The target makes a CHA check, if they fail, they become much more talkative than they would like to be or normally are. As if drunk or as if trying to impress someone. Escalation: Can spend 1 point to target 3 individuals.",Common
Crown of the Web,Water 4 / Spirit 4,Self,Action,1,8 hours,"A faint ghostly crown forms on your head that only you can see. While the crown is active, you can mentally connect with the Internet to ask questions that would be possible using regular search engines. Only works in places that have active Internet. You also get advantage on all knowledge checks.",Common
Mistveil Inquiry,Water 5 / Spirit 5,Self,Action,2,Concentration,Conjure a 30 ft radius field of Veil mist around you. Ask up to 3 questions to spirits or other Veil creatures that may be in the vicinity or tied to the area. Gain advantage on Insight or Occult checks while in the mist. Non-Veil beings in the mist make CHA saving throws at disadvantage while in the mist due to their unease.,Common
Produce Thunder,Air 1 / Earth 1,200 feet,Action,0,1 round,"Create a realistic sound of thunder in range of the spell. Escalation: Spend 1 Faez Point to increase the volume of the noise, potentially startling anyone not ready for the sound. They must roll a DC CON save or lose their bonus action and halve their speed for the next round.",Common
Thunder Shift,Air 2 / Earth 2,Self,Action,1,Concentration (Up to 5 rounds),"Give yourself a 10 feet movement bonus, increase in AC by 2, and do not provoke opportunity attacks. As a bonus action, you can move up to your max speed.",Common
Thunder Cloud,Air 5 / Earth 5,60 feet,Action,2,Concentration,A 20’ by 20’ cloud forms around the target area obscuring vision. The cloud is filled with painfully loud thunder that deals 4d6 thunder damage every turn. Casters roll disadvantage on concentration checks while in the cloud. Attempting to move requires a DC CON saving throw or be immobilized for the rest of the turn.,Common
Knowing Feint,Air 1 / Spirit 1,Self,Bonus,1,Instant,Anticipate a single nearby enemy to give them disadvantage on opportunity attacks and increase your movement speed by 10 feet.,Common
Language Amnesia,Air 2 / Spirit 2,30 ft,Action,1,"Concentration, Up to 2 minutes","Target makes an INT save, upon a failure, they forget the language of the caster’s choice. This will not affect their spell casting. Escalation: Can spend 1 point each to target another person beyond the first for each point spent.",Common
Inconvenient Flight,Air 4 / Spirit 3,30 feet,Action,2,"Concentration, up to 1 minute","Target makes a STR save. On a failure, they gain a fly speed of 20 and move erratically for the duration of their turn. They can make another STR save at the end of each of their turns to end the effect. The target will not slam into things and take damage from this spell. The target can still use their actions other than movement as they wish. DM randomly determines the flight path.",Common
Freeze Person,Air 4 / Spirit 4,60 feet,Action,1,"Concentration, up to 1 minute","Choose a humanoid that you can see within range. The target must succeed on a WIS or STR saving throw or be encoated in a shield of ice for the duration. If incased in ice, the target cannot move or take actions. The target has DR10 at this time and any attacks that deal more than 30 damage will break the encasing. Fire deals damage at double. At the end of each of its turns, the target can make another WIS or STR saving throw. On a success, the spell ends on the target. Escalation: Can spend 1 point each to target another person beyond the first for each point spent.",Common
Mistwalker,Air 5 / Spirit 5,Self,Action,2,Concentration,"A faint mist covers the caster making them hard to detect even by observant foes (other people see a streaking mist moving across the room that they can’t explain). The caster moves in lightly obscured mist, roll advantage on stealth checks, and if hitting an enemy with a melee attack without being detected, the target takes damage as if they have vulnerability. Spell attacks from stealth make the target roll at disadvantage for spell saves. If concentration is dropped, the caster still has all these effects for 1 additional turn.",Common
Reverberation Shield,Earth 1 / Spirit 1,Self,Action,1,Until triggered or 1 hour.,"Create a barely visible shimmering shield around your body that gives you an increased AC of 2. When you receive a hit from melee range, you can decide to trigger the shield using a reaction which will deal 2d6 force damage and push the target back by 10 feet.",Common
Sprite Shield,Earth 3 / Spirit 2,Self,Action,1,10 minutes or until sprites are gone,"The caster gains five force sprites that float around them in a protective barrier. Each sprite gives 1 AC for a total of 5 AC upon casting. For each time the caster is missed by an attack that would have hit, they lose 1 sprite and their AC goes down by 1.",Common
Bonebind,Earth 5 / Spirit 5,50 feet,Action,2,Concentration / Instant,"Target Veil being must make a DC WIS spell save. On a success, they take 2d6 spirit damage and cannot move for 1 round. On a failure, they take 2d6 spirit damage and are incapacitated until the spell ends. At the beginning of additional turns, they take 2d6 spirit damage. At the end of additional turns they may roll another save.",Common
Trap Electronics,Fire 2 / Water 2 / Air 2,Touch Electrical Object,Action,1,Until triggered or 24 hours.,"Target electrical object is trapped with a magical explosive that will detonate when triggered. The trigger is given when the spell is cast and must be a simple trigger (when touched by a human, after 1 hour, etc.). The explosion deals 4d6 electrical damage with DC Dex save for half damage.",Common
Agonizing Transformation,Air 4 / Fire 4 / Water 4,Touch,Action,2,Concentration,"Target enemy must make a DC CON save or become forcibly transformed while the spell is active. A save deals 2d8 fire damage but no transformation. On failure, the target begins to transform and is incapacitated and takes 2d8 fire damage each turn. The targets features turn horrific and if they save before dying, it will take them an equal number of turns to turn back to their original form, taking 2d8 fire damage each time.",Common
Chains of Obstinance,Fire 4 / Water 3 / Earth 3,100 feet,Action,2,Concentration,Target enemy must make a DC CHA saving throw or they will roll a disadvantage on all CHA based saving throws or skill checks while the spell is maintained. If the spell was successful they will be combatantive and stubborn about even the most basic social things. This counts as a charm.,Common
Flame Warden (Aura),Fire 4 / Water 4 / Earth 4,Self,Action,2,1 Hour,The caster is covered in an aura of flame. The caster gains fire resistance and +2 AC. Any enemy entering a 10 feet radius or starting their turn in the aura takes 2d6 fire damage. The caster may use an opportunity attack to lash out with a flame whip dealing 3d6 fire damage.,Common
Life Leech,Fire 2 / Water 2 / Spirit 1,30 feet,Action,1,Instant,"Target must make a DC CON save or take 1d6 damage. If the save is failed, caster gains an amount of health equal to the damage. The damage increases by 1d6 at level 6, 10, and 14.",Common
Soulfire Sentinels,Fire 4 / Water 4 / Spirit 4,100 feet,Action,2,1 minute,"The caster designates four spots on the battlefield within range where soulfire sentinels are created. They look like pale flames that flicker and dance in place. The sentinels create a region of difficult terrain only for enemies in a range of 10 feet radius. During the duration of the spell, as an opportunity attack if the enemy moves past one of the sentinels, the caster can use a reaction to make a ranged attack against any enemy in range of a soulfire sentinel dealing 4d8 fire damage and causing the enemy to end its movement. Soulfire sentinels have an attack range of 10 feet. At any time during the duration, the caster can use an action to detonate a single sentinel dealing 4d8 spirit damage (Dex Save for half) in a 10 ft radius.",Common
Stuck on You,Fire 3 / Air 3 / Earth 2,30 feet,Action,1,3 rounds,"Two target enemies within range are now magically adhered. Whenever one or the other moves, the other target must move within them. If there is any distance between them when the spell is cast, the first time they move, they shift together.",Common
Bone Growth,Fire 4 / Air 3 / Earth 3,30 feet,Action,3,1 minute,"Target must make a DC CON save or suffer from rapid painful growth of bone spurs across their body. Causes 6d6 damage, movement reduced by half, and any new CON saves are made at a disadvantage or half damage and no effects on a save.",Common
Wild Melody,Fire 4 / Air 4 / Earth 4,Touch,Action,2,Concentration,A song whips around the target turning to bright lights at moments creating a dizzying effect. The target gains DR2 and rolls advantage on spell saves during the spell. Enemies attacking the target must make a DC INT save or take 2d8 air damage. Escalation: Spend 1 FP to add an additional touch target (Max 1).,Common
Chains of Pain,Fire 3 / Air 3 / Spirit 3,100 feet,Action,2,Until saved,"Target enemy must make a DC CON saving throw. If they save they are not restrained and only take half damage. Target is wrapped in fiery chains that burn them for 5d6 fire damage and they are restrained until they save the spell. They can save again at the end of their next turn. If the chains remain, they take 2d6 fire damage.",Common
Chains of Acquiescence,Air 4 / Fire 4 / Spirit 4,100 feet,Action,2,Concentration (max 5 rounds),"Enemies in a 30 ft radius area with less than a total of 50 hit points are gathered together by a set of ghostly chains, pulling them to a spot at the center, and keeping them restrained. There is no save. The caster can maintain the spell for a maximum of 5 rounds. Escalation: Spend 1 Faez Point to add a 1d8 air damage per round.",Common
The Floor is Lava,Fire 2 / Earth 2 / Spirit 2,100 feet,Action,2,Concentration,"In a 30 ft sq area, everyone in range must make a DC WIS save or believe that the area around beneath their feet is lava. If they fail, they take 3d6 psychic damage, move as if it’s difficult terrain, and give advantage on all opportunity attacks. They must immediately move out of the lava area by the fastest route possible. If they end their turn in the field, they take 2d6 psychic damage.",Common
Spectral Domain,Fire 4 / Earth 4 / Spirit 4,60 feet,Action,2,Concentration,"The caster creates a 15 ft radius region that draws energy from the Veil. Anyone besides the caster are caught in the area, or passing through it, must roll a DC WIS save or become frightened until they leave the spectral domain. All non-Veil creatures or the caster in the domain take 1d8 spirit damage per turn while they are in the domain. As a bonus action, the caster can move the spectral domain up to 30 feet. Veil creatures in the domain roll attacks and checks at advantage.",Common
Priyanka’s Harmony Boots (Aura),Earth 3 / Water 3 / Air 3,Self,Action,2,8 hours,"A pair of boots form on your feet. You can make them appear as normal boots, or look like they’re made of earth, air, or water, or a mix of the three. The boots give you additional 20 feet of movement, you can ignore plant or natural based difficult terrain, double your jump distance, roll sneak at advantage, and gives you resistance to plant based damage. Additionally, if you’re knocked unconscious, you will shift to a space 30 feet away, and instantly heal 5 hit points, but the boots will disappear and the spell will end. This spell is an aura. You can only have 1 active at a time.",Common
Arcane Freedom,Water 4 / Earth 4 / Air 4,30 feet,Bonus,2,Instant,"Caster designates a single friendly target to cure of most negative effects. Immobility, speed reduction, or stuns are immediately dispelled. The target immediately gets to save again for each other negative effects. Target is healed 3d8 damage.",Common
Mancala Mouth,Water 1 / Air 1 / Spirit 3,30 feet,Action,1,"Concentration, up to 1 minute","Target makes a CON save. On a failure, their mouth is filled with small colorful beans. Target gets another CON save at the end of each of their turns to end the effect. If the target saves on their CON save, and knows the proper combination of finger movements, they may choose to make an INT save, if they succeed at this, they may cast this spell on another target of their choice and the duration restarts.",Common
False Darkness,Water 4 / Air 4 / Spirit 4,50 feet,Action,2,Concentration,Caster creates a 20 ft radius patch of magical darkness that only they can see through. Any enemies in the darkness are blind and must roll a DC INT save to move at half speed (or immobilized if fail). The affected creature treats ranged targets as if they are in total cover. Escalation: Spend 1 FP to increase the radius by 10 feet (Max 1).,Common
The Terror Truncheon,Earth 3 / Air 3 / Spirit 3,Self,Action,2,1 hour,"In your fist, a magical ghostly truncheon forms that vibrates with dangerous energy. The twisted club cannot be removed from your hand unless you wish it. You gain proficiency with the weapon and +2 to hit. It deals 2d6+2 damage and they must roll a DC CON save or become frightened. Once saved, the weapon cannot affect them for 24 hours. Caster may spend 1 Faez Point to make a second attack during the round.",Common
Curse of Extremes (Curse),Air 4 / Earth 4 / Spirit 4,100 feet,Action,2,4 Rounds,"Target enemy must either stay stationary, or move their entire movement in a straight line. If they have multiple attacks, a single miss means all attacks miss. If someone attacks the cursed target with multiple attacks, a single hit means all attacks hit.",Common
The Cradle of Life,Earth 3 / Water 2 / Spirit 2,Touch,Action,2,Until resolved,"Target unconscious humanoid is placed in a protective force shield that gives them 4 AC, a damage shield of 30 hit points, and slowly begins healing them 1 hit point per round. They will not regain consciousness until they have more than 10 hit points and will not be freed from the protective shell until they are at full hit points, the caster dismisses it, or they damage the shell from the inside.",Common
Half Guardian,Water 4 / Earth 4 / Spirit 4,30 feet,Action,2,1 minute or until destroyed,A figure made of spirit motes in a shape of the casters discretion appears and guards the player until it destroyed or the duration runs out. Its HP are half the casters and it uses the caster’s reaction to impose disadvantage on any creature attacking the player within 30 feet. Half of any damage dealt to the player is prevented and taken instead by the guardian. Damage prevented this way is dealt back to the attacker.,Common
Prismatic Recovery,Fire 1 / Earth 1 / Water 1 / Air 1 / Spirit 1,Self,Action,1,Instant / Next Round,"The caster is healed 1d6 damage, receives a temporary shield of 1d4 hit points, can move up to 30 feet as a bonus action, gains +4AC until the end of the next round, and creates a 5 ft radius location of difficult terrain (ice, plants, or rocks).",Common
Prismatic Strike,Fire 2 / Earth 2 / Water 2 / Air 2 / Spirit 2,100 feet,Action,2,Instant / 1 round,"On a successful ranged attack, the target is dealt 2d6 fire damage, immobilized with ice around their feet (which does not melt from the fire) for 1 round, all attacks against it are at advantage for the rest of combat, pushed back 10 feet (optional), and take another 2d6 bludgeoning damage.",Common
Arianna’s Comfort Skin (uncommon),Any 1,Self,1 minute,0,1 hour,Caster’s skin raises or lowers to a temperature they find most pleasing. There is a nice tingling feeling like the skin has been recently exfoliated. Any adverse temperature or weather causes this spell to fail,Uncommon
Reginald’s Handy Mug Repair (uncommon),Any 1,Item Touched,1 bonus action,0,Instantaneous,"Caster holds a ceramic mug, or pieces of a broken ceramic mug, speaks the spells incantation and the mug is completely fixed. A small, stylized ‘R’ forms on the bottom of the mug etched into the ceramic.",Uncommon
Staged Sound (uncommon),Earth 1,Touch,Action,1,24 Hours,"Choose a sound-related focus (speaker of some sort) then choose a 20ft radius area. The next time an entity makes sound in the chosen area, a sound file will be listenable on the sound-related focus chosen. This sound file duration is as long as the entity is making noise within the area up to 10 minutes. Escalation: Can spend one point to increase audio sensitivity or create audio for next 10 unique entities.",Uncommon
Snapshot (uncommon),Spirit 1,Touch,Action,1,24 Hours,"Choose a visual focus (glass ball, unpowered screen, etc) then choose a point in space and a perspective from that point. The next time an entity crosses through the perspective, an image will be viewable on the visual focus chosen. Escalation: Can spend one point to increase resolution or create image for next 10 unique entities.",Uncommon
Winston’s Wet Ward (uncommon),Water 2,Self,1 minute,1,1 hour,The exterior of caster’s body and items carried or worn become completely waterproof.,Uncommon
Fire Shield (uncommon),Fire 3,Self,Bonus action,1,1 Hour,"A protective shimmering shield protects the caster from fire damage. The shield will absorb 10 fire damage before dissipating. After it’s gone, the caster will retain fire resistance for the remainder of the duration.",Uncommon
Watery Tomb (uncommon),Water 3,30 feet,Action,2,Until saved,"Target must make a DC STR saving throw or become encased in a dense bubble of water that moves with them. Their movement is half, they cannot make ranged attacks, and they must hold their breath while inside it. Target may make a new saving throw at the end of their turn.",Uncommon
Protective Shield (Aura) (uncommon),Earth 3,Self,Action,1,8 hours,Increase AC by 2 and add 10 temporary hit points.,Uncommon
Pummeling Winds (uncommon),Air 3,50 feet,Bonus,1,1 round,"Call up winds to batter a large or smaller target. The target loses their bonus action, movement is halved, and have to make an DC STR Save or be knocked prone. Any intimidation skill checks versus this opponent are made at advantage for 1 hour afterwards.",Uncommon
Force Fork (uncommon),Spirit 3,100 feet,Action,1,Instant,Shoot a two bolt of force energy at a target dealing 2d6 damage upon hit (ranged attack) and push target back 5 feet. +2 to hit for both force bolt attacks.,Uncommon
Companion Link (uncommon),Any 3,300 feet (Companion Only),Action,1,24 Hours,"Caster casts a protective ward on their companion which creates a health link between them. Any damage recieved by the companion in the specified range will be transferred to the player. This means that area of effect damage will hit the player double. If the player dies, then the bond is severed.",Uncommon
Companion Ward (uncommon),Any 4,Companion Only,Action,1,24 Hours,Caster casts the protective ward on their companion which gives them an increased AC2 and DR2.,Uncommon
Enhance Companion (uncommon),Any 5,Companion Only,Action,1,24 Hours,"Caster casts enhances their companion giving it 10 temporary hit points for high companions, or 4 temporary hit points for low companions. Additionally, the companion receives +2 to attack rolls and +2 AC.",Uncommon
Fashion Transformation (uncommon),"Fire 4, Dex 12",Self,Action,1,2 hours,"After a small flash of flame and embers, your entire outfit is transformed into a new version that looks any way you want it to. The outfit cannot provide any bonuses that were not already a part of the outfit.",Uncommon
Healing Dart (uncommon),"Water 4, WIS 14",30 feet,Bonus action,1,Instant,Heal target 2d4+2 damage,Uncommon
Gusting Slide (uncommon),Air 4,Self,Bonus,2,Instant,Caster gains 3 movement actions this round. Does not provoke attacks of opportunity during this movement.,Uncommon
Armored Skin (Aura) (uncommon),Earth 4,Self,Action,2,8 hours,"Caster gains +4 AC versus bullets, DR3 versus bullets, and +2 AC.",Uncommon
Reversal of Fortune (uncommon),Spirit 4,Self,1 minute,1,Until long rest,"If the player would roll a natural 1 for a skill or combat check, that roll is turned into a success. Then the player can change any enemy’s roll into a natural 1 for the rest of the day. Both effects can only happen once per day.",Uncommon
Faez Signature (uncommon),Spirit 5,Spell Chosen,Bonus,2,1 Round,The next spell you cast which may not have a trigger based on a given person or creature now only affects or is triggered by the particular person or creature chosen. Escalation: Can spend one point to increase number of particular people or creatures by one for each point spent.,Uncommon
Baleful Broadcast (uncommon),Earth 5,Touch,Action,3,1 hour,"Choose a sound-related focus (speaker of some sort) then choose a 20ft radius area. The next time an entity makes sound in the chosen area, that sound will be played/amplified through that sound-related focus for 10 minutes. Escalation: Can spend one point to increase audio sensitivity or extend sound being played for full duration of spell.",Uncommon
Energy Burst (uncommon),Fire 6,Self,Bonus,1,Instant,Caster may take another action this turn.,Uncommon
Sharpen Spells (uncommon),Earth 6,Self,Action,1,8 hours,Reduce crit range for this player by 1.,Uncommon
Purify Body (uncommon),Water 6,Self,Bonus,1,Instant,"Heal self 5d6 damage, eliminate any poisons, and give yourself a 10 temporary hit point shield.",Uncommon
Static Explosion (Uncommon),Air 6,Self,Bonus,1,Instant,"For every 10 feet player has moved this turn, add an additional 1d6 air damage to the next attack.",Uncommon
Strike the Weakspot (Uncommon),Spirit 6,Self,Bonus,1,Instant,"Caster rolls advantage on their next attack, rerolls 1s on damage dice, and if the attack fails to hit the target, they get advantage on their next attack.",Uncommon
Acid Eye Poke (uncommon),Water 3 / Fire 3,60 feet,Action,1,Instant,Lob an acid blob at target dealing 3d6 upon hit (ranged attack); Target must make a DC CON save or be blinded for 1 round.,Uncommon
Savard’s Sneaky Charm (uncommon),"Water 4 / Fire 4, CHA 13",Touch,Bonus,1,1 minute,"Target must make a DC Saving throw or be charmed for 1 minute. A charmed target will not harm anyone or do anything against their will while charmed. The charmed condition will allow the caster to convince the target of accepting normal decisions that don’t directly impact them (ie - forcing a hostess to give them a table at a popular restaurant, telling a guard he has to use the bathroom, etc.) A failed save will make the target hostile to the caster.",Uncommon
Donal’s Handy Electrical Timer (uncommon),"Fire 5 / Water 3, Dex 13",Target electrical panel or object,Action,1,until triggered,"Give a length of time, or trigger for when the electrical object or panel will either turn on or off.",Uncommon
Acid Jet - Upgraded (uncommon),Fire 5 / Water 5,15 feet,Reaction,2,Instant,"When given an opportunity attack, or damaged by an enemy (range 15ft), or an enemy fails a spell save (range 15ft), the caster may hit the target with an acid jet which deals 6d6 fire damage and reduces their movement by half for the rest of their turn.",Uncommon
Sudden Hole (uncommon),"Fire 6 / Water 5, STR 14",30 feet,Action,2,3 rounds,"Create a hole that’s no bigger than 5’ x 5’ on a surface. The material must be wood, concrete, non-metal, or non-magical. The thickness can be no greater than 1 foot.",Uncommon
Corrosive Counter (uncommon),Water 7 / Fire 5,Touch,Reaction,2,Instantaneous,"If the caster is hit with an attack by an adjacent enemy, the enemy makes a DEX save or take 6d6 acid damage. This acid slowly eats away at anything the enemy is holding unless the enemy uses an action to shake off the acid. On a successful save, they take half damage. The enemy has -3 to their AC and -3 to their attack rolls for the next 5 rounds.",Uncommon
Ted’s Slippery Soles (uncommon),Air 2 / Fire 2,Self,Bonus,1,Instant,"Target’s shoes or feet become slippery as if they’ve been coated by grease or ice. Can move across slick surfaces (ice, grease, etc.) at twice normal speed. Or on normal surfaces, at the end of planned movement, the target moves an additional 10 feet in the same direction they’d been moving.",Uncommon
Electrify Metal (uncommon),"Fire 5 / Air 3, Con 13",30 feet radius,Action,2,10 minutes,"Touch a metal object like a fence, metal structure, or other metal items to electrify it for 10 minutes. Anyone who comes in contact with it during the duration takes 2d6 electrical damage. Targeting a metal object on a living creature will give them a chance to save at advantage to resist the effect. Escalation: Spend an additional 1 FE to increase damage by 1d8.",Uncommon
Lightning Blast - Upgraded (uncommon),Fire 5 / Air 5,30 foot arc,Action,2,Instant,"In a 30 feet arc, blast electricity for 8d8 electrical damage to anyone in range with half damage on a DC DEX save. Escalation: Can spend 1 additional point increase damage by 2d8 (Max 1)",Uncommon
Final Strike (uncommon),Fire 6 / Air 6,60 feet,Action,2,Instant,"The spell uses all remaining faez, but has a minimum requirement of 2. The caster has absolute advantage on the target. If they hit, the target is restrained for one round and takes 4d6 fire and 4d10 electricity damage on a failed save. A successful save takes half damage and the target is still restrained for one round. Escalation: For every excess faez point spent over 2, it increases damage by 1d6 fire and 1d10 electricity.",Uncommon
Final Strike (uncommon),Fire 6 / Air 6,60 feet,Action,2,Instant,"The spell uses all remaining faez, but has a minimum requirement of 2. The caster has absolute advantage on the target. If they hit, the target is restrained for one round and takes 4d6 fire and 4d10 electricity damage on a failed save. A successful save takes half damage and the target is still restrained for one round. Escalation: For every excess faez point spent over 2, it increases damage by 1d6 fire and 1d10 electricity.",Uncommon
Catapult Ambush (uncommon),Air 7 / Fire 4,30 feet,Bonus,1,10 rounds,"Designate a 5’x5’ square within range that is invisible to everyone except the caster and their allies. If a creature moves into the designated space, they trigger the trap and are thrown in the direction they are currently moving. The target is thrown 40ft plus any distance they’ve already moved in an arc.",Uncommon
Tinted Touch (uncommon),Fire 2 / Earth 2,Touch,Action,0,10 minutes,Target window or other see-through object becomes tinted or obscured making it no longer see-through.,Uncommon
Lava Spear (uncommon),Fire 3 / Earth 3,100 feet,Action,1,3 rounds,A flaming spear is hurled at the target and upon hit (ranged attack) takes 3d8 fire damage. Target takes 1d6 fire damage every turn after for 3 rounds.,Uncommon
Lava Spikes - Upgraded (uncommon),Earth 5 / Fire 5,100 feet,Action,2,Concentration,A field of 30’ by 30’ grows rocky spikes that pierce flesh and create havoc. Anyone caught in the field must make a DEX save or take 4d6 piercing and 4d6 fire damage (save takes half damage). Anyone moving through the field takes 1d6 fire damage for every 10 feet traveled. The field is difficult terrain for as long as the spell is active. Escalation: Can spend 1 additional point to increase piercing and fire damage by 1d6 (Max 1),Uncommon
Molten Armor (uncommon) (Aura),"Fire 6 / Earth 6, STR 14",Self,Action,2,10 rounds,Base Armor Class becomes 18 but DEX AC bonus no longer applies. Caster has fire resistance. Enemies that begin their turn within 10 feet take 2d6 fire damage. Each turn as a bonus action make a ranged attack against an enemy within 30 feet for 3d6 fire damage.,Uncommon
Major Transformation (uncommon),Fire 7 / Earth 5,Touch,1 round per 25sqft volume,3,1 hour,"Caster causes the touched item to miraculously, although not instantaneously, change into something else. The original item and transformed item must be similar sizes, values, and states of matter. The maximum number of rounds for cast time is 4. Escalation: For 1 FP the caster can increase the number of rounds by 1 (Max: 2)",Uncommon
Flash Lights (uncommon),"Fire 5 / Spirit 3, Dex 13",50’ by 50’,Action,2,Instant,All electronic lights in range of the spell create a powerful flash that blinds anyone who did not have their eyes closed. Anyone in range must roll a Dex save or be blinded. Can reroll at the end of the next turn.,Uncommon
Soul Scorch - Upgraded (uncommon),Fire 5 / Spirit 5,75 feet,Action,2,Instant,Target must make a DC CHA save or become soul scorched. Failure to save takes 8d8 spirit damage and cannot heal for the next 4 rounds. Success takes half damage. Escalation: Spend 1 FP to increase damage by 2d8 (Max 1),Uncommon
Tectonic Blast (uncommon),Fire 6 / Spirit 3,100 feet,Action,2,Instant,"At the target location, a force explosion will deal 6d6 force damage to everyone in a 20’ x 20’ area and knock them prone if they fail a DC DEX save. Damage cut in half if they make a DC CON save. Escalation: Spend 1 FP to increase damage by 2d6.",Uncommon
Phoenix Defense (uncommon),Spirit 7 / Fire 5,Self,Action,2,1 hour,"Caster uses faez to anchor their soul to their body. If the caster were to fall to 0 hit points during the duration, instead they fall to 1 hp instead and gain these benefits: Any creature starting their turn within 10 feet of the caster take 2d6 fire damage. The caster has 2 actions on their turn for 3 rounds. At the beginning of each of the caster’s turns, they gain 15 temporary hit points for the next 3 turns. The caster gets a brief insight into the future causing them to know how their enemies will act and react. Attacks the caster makes until the end of their next turn have Perfect Advantage. Attacks made against the caster until the end of their next turn are made with Perfect Disadvantage.",Uncommon
Frozen Step (uncommon),Water 2 / Air 1,Self,1 Action,2,1 hour,Caster’s shoes or feet cause water to freeze underneath them enough to support the caster’s weight. Water thaws at normal rate when caster is no longer standing on that spot. Water only freezes fast enough for caster to move 20ft per round. Escalation: Spend 1 more FE to be able to move safely on the ice at full speed.,Uncommon
Sudden Succor (uncommon),Water 3 / Air 3,Self,Reaction,1,Instant,"When hit damaged by an attack, heal 3d4 damage and move away from the attacker 15 feet.",Uncommon
Raul’s Speedy Assault (uncommon),"Air 4 / Water 3, DEX 13",Self,Bonus,1,1 round,"Increase speed by 50 feet for one round, move to a target, and make two melee attacks.",Uncommon
Forced Chill - Upgraded (uncommon),Water 5 / Air 5,75 feet,Action,2,Concentration,"Target enemy is coated in a sheen of glistening ice. They take 2d4 cold damage every turn. If they choose to move (forced movement doesn’t count), the ice hardens around them. For every 10 feet of movement, more ice forms on their body and they take another 2d4 cold damage and must make a DC CON save or become incapacitated. Once incapacitated, they may make a new save at the end of each of their turns. The spell only goes away if concentration is broken or the target is unconscious.",Uncommon
Concussive Ambush (uncommon),Water 6 / Air 4,30 feet,Bonus,1,10 rounds,"Designate a 5’x5’ square within range that is invisible to everyone except the caster and their allies.. If a creature moves into the designated space, they trigger the trap and must make a DC DEX save or their speed becomes 0, they take 4d6 cold damage, and make all checks at disadvantage until the end of the next round.",Uncommon
Slippery Swooshery (uncommon),Water 7 / Air 5,Touch,Action,2,5 Rounds,"The caster causes a willing creature’s body to become incredibly malleable and light. They gain a fly speed of 60 feet. The target has resistance to non-magical damage, can occupy the space of another creature, can pass through a 2 inch by 2 inch hole. If the target is aloft and were to fall, they descend slowly enough to take no fall damage.",Uncommon
Tame Animal (uncommon),"Water 3, Earth 1, WIS 13","1 medium creature, 3 small creatures, or 8 tiny creatures",Action,2,1 minute,"Tame a non-intelligent creature for 1 minute. The animal will only do a few simple things: move away, stand still, or follow me. Escalation: For 1 each additional FP point, include 1 additional medium (or corresponding smaller numbers)",Uncommon
Earth to Mud (uncommon),Water 2 / Earth 2,30 feet,Action,2,Instantaneous,A 10 foot radius area of earth (not stone) or water (not ice) becomes thick mud. Escalation: Can spend one point to increase radius to 30 foot.,Uncommon
Verdant Lash (Aura) - Upgraded (uncommon),Water 5 / Earth 5,Self,Action,1,8 hours,The caster grows two thorny vines that act as separate limbs. These limbs can be used to hold things or be used as a weapon themselves. The caster gains unarmed proficiency for these vines and uses your spell ability for attack bonuses. Damage is 2d6 + spell bonus modifier. Range 10 feet. An attack takes an action. The vines also give the caster advantage on athletics and acrobatics checks. The caster gets an additional free object interaction using their hands. Escalation: Can spend 1 FP during your turn to make a second attack with the vines (Max 1).,Uncommon
Diamond-Tipped Drill (uncommon),Water 5 / Earth 5,Touch,Action,3,Instantaneous,You are able to use your mastery over earth and water to drill a 5x5 tunnel 15 feet into mundane stone. Escalation: Can spend one point to increase to 25 feet.,Uncommon
The Iron Dome (uncommon),Earth 6 / Water 5,Self,Reaction,2,Until beginning of next turn,"The caster can create a 15 foot radius dome of protection as a reaction in response to a damaging spell, or damaging environmental effect (like a building collapse, avalanche, etc.). All magical damage is reduced by half. All physical effects are blocked by the dome (ie - a mud slide would go around the dome, or falling rocks would bounce off harmlessly). The dome lasts until the beginning of the caster’s next turn.",Uncommon
Verdant Wrath (uncommon),Water 7 / Earth 5,Touch,Action,2,5 Rounds,"Caster touches a nearby plant, using faez to release its latent natural fury. The plant creature acts at initiative count 14 and either protects the caster or attacks the same targets as the caster to the best of its ability. AC 12, HP 127, Speed 20, Climb 20, STR 14, DEX 14, CON 16, INT 5, WIS 14, CHA 3, Immune to Blindness and Deafness, Blindsight 120ft, Spider Climb, Multiattack - On its turn, the plant can make 3 attacks - Tentacle +5, reach 10ft, 2d6+2 bludgeoning damage, target must succeed on a DC 14 Con save or take 3d6 poison damage.",Uncommon
Wings of the Old One (uncommon),"Water 2, Spirit 3",Self,1 minute,3,1 hour,"2 Tentacles emerge from the caster’s back. These tentacles can make unarmed attacks, lift up to 50 lbs each, squeeze through small holes, help a character climb, and help grapple. There’s also the visual aspect that may affect others.",Uncommon
See-Through Illusion (uncommon),"Spirit 4, Water 3, WIS 13",Target,Action,1,4 hours,Target can see through basic illusions easily like Look Away enchantments. Escalation: Increase targets by 1.,Uncommon
Mistveil Inquiry - Upgraded (uncommon),Water 5 / Spirit 5,Self,Action,1,Concentration,Conjure a 30 ft radius field of Veil mist around you. Ask up to 3 questions to spirits or other Veil creatures that may be in the vicinity or tied to the area. Gain advantage on Insight or Occult checks while in the mist. Non-Veil beings in the mist make CHA saving throws at disadvantage while in the mist due to their unease.,Uncommon
Mistveil Recovery (uncommon),"Water 6 / Spirit 6, CHA 13",Self,Action,2,1 round / Instant,"The caster steps into the Veil for 1 round. They will return from the Veil at the beginning of their next turn. While they’re in the Veil, they are completely protected from Veil beings, and during their jaunt, they heal 5d6 damage and have advantage on their next save (within 10 rounds). Escalation: Can spend 1 FP to increase the round spent in the Veil (Max 1).",Uncommon
Triangulate (uncommon),"Spirit 7 / Water 5, INT 14",30 feet,Reaction,1,Instant,"As a reaction, caster may give an ally within range absolute advantage for an attack roll or ability check. Alternatively, as a reaction, caster may give an enemy within range absolute disadvantage for an attack roll or ability check. Escalation: Can spend 1 FP to make it work for spell saves.",Uncommon
Dust Devil (uncommon),Air 2 / Earth 2,60 feet,Action,2,"Concentration, 1 minute","You create a large-sized swirling cyclone of wind, dust, and dirt. Any individual within the same area of the Dust Devil must make a Strength save or be pushed out of it. Any items weighing less than 5 pounds will be blown about. Any ranged attacks made through the Dust Devil’s space is made at disadvantage and as if there were three-quarters cover. As a bonus action on your turn, you may move the Dust Devil up to 15 feet. Escalation: Can spend one point to increase size to huge.",Uncommon
Attentive Warrior (Aura) (uncommon),Air 3 / Earth 3,Self,Action,2,8 hours,"You gain +2 to initiative, cannot be surprised, +2 AC, and 10 feet of additional movement.",Uncommon
Thunder Cloud - Upgraded (uncommon),Air 5 / Earth 5,60 feet,Action,2,Concentration,A 30’ by 30’ cloud forms around the target area obscuring vision. The cloud is filled with painfully loud thunder that deals 6d6 thunder damage every turn. Casters roll disadvantage on concentration checks while in the cloud. Attempting to move requires a DC CON saving throw or be immobilized for the rest of the turn.,Uncommon
Earthen Clap (uncommon),Air 5 / Earth 5,60 feet,Action,3,Instantaneous,Air pressure within a patch of ground erupts causing damage and havoc. You choose a point within 60 feet of you. The ground within a 20 foot radius becomes difficult terrain. Any individuals in the range roll a Dex check or are dealt 8d6 thunder damage and are pushed 10 feet. A success reduces the damage by half but does not negate the movement. (2nd STR save for no movement + full damage). Escalation: Can spend one point to increase damage to 10d6.,Uncommon
Mantle of Ruin (uncommon) (Aura),Air 6 / Earth 5,Self,Action,2,1 hour,"Their crit range reduces by 1 and spell DC increases by 1. While the aura is active and the caster is below 50% health, any damage dice for a particular spell can be rerolled once.",Uncommon
Throes of Fury (uncommon),Air 7 / Earth 5,Self,Bonus,1,2 Rounds,"The caster gains 20 feet additional movement until their next successful attack. The caster gains Perfect Advantage on their next singe-target attack. On their next successful singe-target attack, the caster adds 4d10 wind damage and the target is pushed 20 feet. If this movement causes the enemy to move into a hard surface, the enemy take 1d6 bludgeoning damage for each 10 feet of movement before impact.",Uncommon
Mental Fumble (uncommon),Air 3 / Spirit 3,100 feet,Action,1,1 round,"Make a ranged attack versus the target at advantage. If it hits, the target takes 3d8 damage and rolls all attacks at disadvantage on its next round.",Uncommon
Wind Devil (uncommon),Air 4 / Spirit 4,50 feet,Action,1,Concentration,"A swirling dust devil captures the target, forcing a DC STR saving throw or they’re immobilized, cannot take bonus actions, and must make a DC CON save to take any actions. They get a saving throw at the end of every round.",Uncommon
Inquisitor (uncommon),Air 4 / Spirit 5,Touch,Action,1,1 minute,"An inanimate object, which could include a dead body, reveals any recent spells that affected it. The elements from the magics can be revealed as well as the originator of the spell if they are within 120 feet. This information is available for 24 hours.",Uncommon
Mistwalker - Upgraded (uncommon),Air 5 / Spirit 5,Self,Action,1,Concentration,"A faint mist covers the caster making them hard to detect even by observant foes (other people see a streaking mist moving across the room that they can’t explain). The caster moves in lightly obscured mist, roll advantage on stealth checks, and if hitting an enemy with a melee attack without being detected, the target takes damage as if they have vulnerability. Spell attacks from stealth make the target roll at disadvantage for spell saves. If concentration is dropped, the caster still has all these effects for 1 additional turn.",Uncommon
Elemental Nexii (uncommon),Air 5 / Spirit 6,100 feet,Action,2,1 minute,"Upon casting, they must choose a single element to intensify. The caster creates 3 elemental nodes spaced within the range of the spell. Each node multiplies the effects of that chosen element within 10 feet. Spell damage within the range increase damage dice by 2 dice. Spell DC increases by 2. As a bonus action, the caster can move 1 elemental node up to 20 feet. The elemental nodes look like representations of their element in a floating bubble.",Uncommon
Aura of the Mage (uncommon) (Aura),Air 7 / Spirit 5,Self,Action,1,1 Hour,"While this aura is active, the caster’s allies within 20 feet gain a +2 bonus to spell save DCs. Escalation: Can spend 1 FP to increase duration to 8 hours.",Uncommon
Privacy Bubble (uncommon),"Earth 3 / Spirit 3, CHA 11",Self,Action,1,Concentration (up to 1 hour),A privacy bubble forms around you in a radius up to 10 feet. The bubble creates a shimmering field which blocks sound and obscures vision so lip reading or other tale-tell markers of communication cannot be observed.,Uncommon
Speaking Stones (uncommon),Earth 3 / Spirit 4,1 mile,Action,1,24 hours,Two stones are enchanted as magical walkie-talkies that cannot be evesdropped upon. The range of the communication is up to 1 mile. Escalation: Spend 1 point to increase number of stones by 2.,Uncommon
Kevlar Skin (uncommon),Earth 4 / Spirit 4,Target,Action,1,24 hours,Target gains a +2 AC versus bullets and a DR2 versus bullets.,Uncommon
Bonebind - Upgraded (uncommon),Earth 5 / Spirit 5,50 feet,Action,2,Instant / Concentration,"Target Veil being must make a DC WIS spell save. On a success, they take 3d6 spirit damage and cannot move for 1 round. On a failure, they take 3d6 spirit damage and are incapacitated until the spell ends. At the beginning of additional turns, they take 3d6 spirit damage. At the end of additional turns they may roll another save.",Uncommon
Superior Kevlar Skin (uncommon),"Earth 4 / Spirit 5, STR15",Target,Action,1,1 hour (Concentration),Target gains a +4 AC versus bullets and a DR4 versus bullets.,Uncommon
Hall of Mirrors (uncommon),Earth 6 / Spirit 6,30 feet,Action,2,Concentration,"The target must make a DC CHA saving throw or lose themselves in an illusion of the casters making. While they are in the Hall of Mirrors, the caster is deciding what the target is seeing. If they take damage, or something significantly physical happens that is contradictory to the illusion, the target gets another saving throw. If the transition from normal to illusion is jarring, or inconsistent, then the target gets to make all rolls at advantage.",Uncommon
Rathbone’s Miniature Cage Spell (uncommon),"Earth 7 / Spirit 7, INT 16",Location,1 minute,3,1 hour,"An enchantment is place on the location with a trigger. Upon the trigger, the faez in the enchantment springs from the location attempting to entrap one target. The target gets a Dexterity save. Upon failure, the target is trapped and shrunken into a cage 2 feet tall by 1 foot wide. The spell creates a demi-realm where the trapped individual is but looking into the cage shows them in a way that they look shrunken. The spell can be recast to keep the target in the cage for an hour. The trapped individual gets a save with each new spell cast.",Uncommon
Block Passage (uncommon),Air 2 / Fire 2 / Water 2,Touch,Action,1,2 hour,"Touch a door or other movable barrier (gate, window, etc.). For the duration of the spell, the barrier is magically locked. This doesn’t prevent breaking or bypassing by other means.",Uncommon
Kill Streak (uncommon) (Aura),Air 3 / Fire 3 / Water 3,Self,Action,2,2 hours,"While this aura is active, the caster gains +1 to hit and damage for spells. If they kill an enemy with a spell they gain an extra action for free. While this aura is active they may also use a bonus action to add +2 to their AC until the beginning of the next round.",Uncommon
Agonizing Transformation - Upgraded (uncommon),Air 4 / Fire 4 / Water 4,Touch,Action,2,Concentration,"Target enemy must make a DC CON save or become forcibly transformed while the spell is active. A save deals 3d8 fire damage but no transformation. On failure, the target begins to transform and is incapacitated and takes 3d8 fire damage each turn. The targets features turn horrific and if they save before dying, it will take them an equal number of turns to turn back to their original form, taking 3d8 fire damage each time.",Uncommon
Hands of the Damned (uncommon),Fire 5 / Water 5 / Air 5,50 feet,Action,3,Instant / Concentration,"The caster designates a spot within range where a field of grotesque three-fingered claws rise from the ground in a 25 foot radius. All those caught within the field must make a DC DEX save or become grappled. Moving through the field requires double movement (which is not difficult terrain, so if also difficult terrain, then it’s a quarter movement). If a creature begins their turn in the field they take 5d6 fire damage and must make a DC CON save or be poisoned.",Uncommon
Encourage Growth (uncommon),Water 2 / Fire 2 / Earth 2,Touch,Action,1,10 minutes or 1 week,"Touch an individual plant to make it grow rapidly over a 10 minute period. The plant will become more lush, provide fruit or other outputs, and be radically healthy. Alternatively, a section of plants no larger than 5’ by 10’ can be touched and they will grow over a 1 week period providing the same benefits.",Uncommon
Syphon Soul (uncommon),"Fire 3 / Water 3 / Earth 3, WIS 14",30 feet,Action,2,Until distance > 100ft or death,"Target enemy must make a DC WIS save or become magically linked to the caster. While the linkage is active, the target takes 2d6 damage, loses 2 AC, and -1 to hit. While the linkage is active, the caster gains 2d6 health, a bonus of 2 AC, and a +1 to hit. The linkage lasts until target or caster is dead, or the distance between the two is greater than 100 feet.",Uncommon
Flame Warden (Aura) - Upgraded (uncommon),Earth 4 / Fire 4 / Water 4,Self,Action,1,1 Hour,The caster is covered in an aura of flame. The caster gains fire resistance and +2 AC. Any enemy entering a 10 feet radius or starting their turn in the aura takes 2d6 fire damage. The caster may use an opportunity attack to lash out with a flame whip dealing 3d6 fire damage.,Uncommon
Unmake the Bonds (uncommon),Fire 5 / Water 5 / Earth 5,50 feet,Action,3,Instant,"Target inanimate object less than 5 tons and smaller than a one story ranch house is subjected to arcane forces that attempt to rip it apart. The object must make a DC STR save or be torn apart, making it unusable. If the object is larger than the required weights and sizes it makes a save at advantage and only the portion that meets the requirement will be affected. If anyone is caught within the structure (small house, car, etc.) they will take 8d8+10 crushing damage.",Uncommon
Cleanse Provisions (uncommon),Fire 2 / Water 2 / Spirit 2,Touch,Action,1,Instant,"Touch a container of food or water no more than 5lbs. They are cleansed of any poisons, or other minor corruptions. The food or water will also taste better and have improved nutrition.",Uncommon
Redox (uncommon),"Water 3 / Fire 3 / Spirit 3, CON 14",Self,Reaction,1,Instant,"When drinking a potion, caster may use this spell as a reaction to eliminate one aftereffect.",Uncommon
Soulfire Sentinels - Upgraded (uncommon),Fire 4 / Water 4 / Spirit 4,100 feet,Action,2,1 minute,"The caster designates four spots on the battlefield within range where soulfire sentinels are created. They look like pale flames that flicker and dance in place. The sentinels create a region of difficult terrain only for enemies in a range of 10 feet radius. During the duration of the spell, as an opportunity attack if the enemy moves past one of the sentinels, the caster can use a reaction to make a ranged attack against any enemy in range of a soulfire sentinel dealing 5d8 fire damage and causing the enemy to end its movement. Soulfire sentinels have an attack range of 15 feet. At any time during the duration, the caster can use an action to detonate a single sentinel dealing 5d8 spirit damage (Dex Save for half) in a 10 ft radius.",Uncommon
Mass Refresh (uncommon),"Fire 5 / Water 5 / Spirit 5, WIS 13",30 feet,Action,3,Instant,"The caster and all allies within 20 feet radius of the targeted area are healed 6d8 damage, can roll another save on one negative conditions currently active, and gain advantage on their next attack roll. Escalate: Spend 1 FP to increase radius by 10 feet (Max: 2).",Uncommon
Rad Tricks (uncommon),Air 2 / Fire 2 / Earth 2,Touch,Action,1,8 hours,"Touch a simple inanimate object used for transport (skateboard, bike, skis, etc.). The object will stay with the caster as long as they wish the object to be near them. All skill checks using the item are rolled at advantage. The caster may use a bonus action to perform a trick with the object. The caster as a free action may also add illusionary sparks or fire to their tricks or general motion.",Uncommon
Fenestrate (uncommon) (Aura),Fire 3 / Air 3 / Earth 3,Self,Action,2,8 hours,"While this aura is active, you may use your primary attribute for using firearms. While the aura is active, caster can attack twice, instead of once, whenever they use a firearm to take the Attack action on their turn.",Uncommon
Wild Melody - Upgraded (uncommon),Fire 4 / Air 4 / Earth 4,Touch,Action,2,Concentration,A song whips around the target turning to bright lights at moments creating a dizzying effect. The target gains DR3 and rolls advantage on spell saves during the spell. Enemies attacking the target must make a DC INT save or take 3d6 air damage. Escalation: Spend 1 FP to add an additional touch target (Max 1).,Uncommon
Reverberating Blast (uncommon),Fire 5 / Earth 5 / Air 5,50 feet,Action,3,Instant,Target enemy must make a DC CON save or be stunned for 3 rounds.,Uncommon
Commandeer Vehicle (uncommon),Air 2 / Fire 2 / Spirit 2,Touch,Action,1,2 hours,"Touch the starting mechanism of a machine like a car, bus, or other transportation vehicle. The caster can start or stop the vehicle without losing the spell for the duration.",Uncommon
Arcane Subversion (uncommon),"Fire 3 / Air 3 / Spirit 3, INT 15",30 feet,Action,1,10 minutes,"For the duration of the spell, all allies within range gain a +2 to all checks related to rituals. Escalation: Increase duration to 1 hour.",Uncommon
Chains of Acquiescence - Upgraded (uncommon),Air 4 / Fire 4 / Spirit 4,100 feet,Action,2,Concentration,"Enemies in a 30 ft radius area with less than a total of 80 hit points are gathered together by a set of ghostly chains, pulling them to a spot at the center, and keeping them restrained. There is no save. The caster can maintain the spell for a maximum of 6 rounds. Escalation: Spend 1 Faez Point to add a 1d8 air damage per round.",Uncommon
Spectral Domain - Upgraded (uncommon),Fire 4 / Earth 4 / Spirit 4,60 feet,Action,2,Concentration,"The caster creates a 20 ft radius region that draws energy from the Veil. Anyone besides the caster are caught in the area, or passing through it, must roll a DC WIS save or become frightened until they leave the spectral domain. All non-Veil creatures or the caster in the domain take 3d6 spirit damage per turn while they are in the domain. As a bonus action, the caster can move the spectral domain up to 30 feet. Veil creatures in the domain roll attacks and checks at advantage.",Uncommon
Ward Ember (uncommon),1 Earth / 1 Fire / 1 Spirit,Item Touched,1 minute,1,24 hours,"The item touched must be natural and translucent. Amber, amethyst, jewels, obsidian, etc would work. As the spell is cast, a specific individual is named. When the individual is within 30 feet of the item warded, the item glows.",Uncommon
Veil Speaker (uncommon),Fire 2 / Earth 2 / Spirit 2,Touch,Action,1,Instant / 1 minute,Touch a non-aggressive Veil creature to magically calm it and make it more amiable to questions or persuasion. Roll at advantage for checks,Uncommon
Feed the Veil (uncommon) (Aura),Fire 3 / Spirit 3 / Earth 3,Self,Action,2,2 hours,"While this aura is active, the caster gains +1 to hit and damage for melee weapons that they are proficient. If they kill an enemy using a weapon they are proficient with they gain an extra action for free. While this aura is active they may also use a bonus action to shift up to 15 feet without provoking an opportunity attack.",Uncommon
Finger of the Lightning Lord (uncommon),Fire 5 / Air 5 / Spirit 5,100 feet,Action,2,Instant,"Shoot 3 rays from your finger at a +2 bonus to hit. Must hit a target with a ranged spell attack to succeed. Each ray deals 4d10 lightning damage. Upon a successful hit, the target must make a DC STR save or be pushed back 5 feet. Three successful hits on the same target will stun them until the end of their next turn. Escalation: Spend 1 FP to change the cast time to bonus action.",Uncommon
Elemental Shield (uncommon) (Aura),Fire 5 / Earth 5 / Spirit 5,Self,Bonus,2,10 rounds,"When the aura is cast, designate an elemental type. This aura extends in a 20 feet radius around the caster. All damage from that element is reduced by half which includes environmental damage (if they’re near a river of lava, then the aura would help protect from the heat and fire).",Uncommon
Security Bypass (uncommon),Air 2 / Water 2 / Earth 2,Touch,Action,1,Instant,Touch a non-electronic or non-magical lock and open or close it. Escalation: Spend 1 FP to open or close an electronic or magical lock.,Uncommon
Fleche (uncommon) (Aura),Water 3 / Air 3 / Earth 3,Self,Action,2,8 hours,"While this aura is active, you may use your primary attribute for using melee weapons. While the aura is active, caster can attack twice, instead of once, whenever they use a melee weapon to take the Attack action on their turn.",Uncommon
Arcane Freedom - Upgraded (uncommon),Water 4 / Earth 4 / Air 4,50 feet,Bonus,2,Instant,"Caster designates a single friendly target to cure of most negative effects. Immobility, speed reduction, or stuns are immediately dispelled. The target immediately gets to save again for each other negative effects. Target is healed 5d8 damage.",Uncommon
Juggernaut (uncommon),Water 5 / Air 5 / Earth 5,Self,Bonus,2,Until beginning of next turn,"The caster gains DR2, +2 to AC, and an additional 40 feet of movement until the beginning of their next turn. An iron carapace forms on the front of their body. If they charge a thin inanimate object (wooden door, chain link fence, concrete less than 1 inch, etc) after moving at least 10 feet, they will break through to the other side and can continue moving if they choose. Thicker objects will require a DC STR save starting at DC 14 and going all the way to DC 30 for a three inch thick metal wall. If the caster charges a living object, they must roll to hit. On a successful hit, they’ll do 3d6 plus damage equal to double their AC to the target.",Uncommon
Seeing-Eye Rock (uncommon),Air 2 / Water 2 / Spirit 2,Touch,Action,1,2 hours,"Touch a simple inanimate object. For the duration of the spell and as long as the caster is within 1 mile, the caster can see through the object. Whenever the object is being actively looked through, a flicker of an “eye” can be seen on the object if being directly looked upon. Escalation: Spend 1 FP to increase duration to 4 hours.",Uncommon
Shadow Warriors (uncommon),Air 3 / Water 3 / Spirit 3,30 feet,Action,2,1 hour,"Summon two jackal-headed warriors made of shadow that will fight for you. They can receive basic instructions (fight, defend, find, etc.). See Shadow Warrior in Friends & Foes. Escalation: Spend 1 additional FP to make a third shadow warrior.",Uncommon
False Darkness - Upgraded (uncommon),Water 4 / Air 4 / Spirit 4,100 feet,Action,2,Concentration,Caster creates a 30 ft radius patch of magical darkness that only they can see through. Any enemies in the darkness are blind and must roll a DC INT save to move at half speed (or immobilized if fail). The affected creature treats ranged targets as if they are in total cover. Escalation: Spend 1 FP to increase the radius by 10 feet (Max 1).,Uncommon
Rebound (uncommon),Spirit 5 / Water 5 / Air 5,Self,Reaction,3,Instant,"When hit by a spell, the caster can cast rebound as a reaction. Both mages must make a contested roll using their best ability stat. If the caster of rebound wins the roll, the spell returns to and hits the original caster and causes no effects to the caster of rebound. A failed contested roll causes the original spell to function as normal.",Uncommon
Forced Luck (uncommon),"Air 2, Earth 2, Spirit 2",Touch,Action,1,1 hour,"Touch a deck of cards, set of dice, or other random game playing tools while mentally indicating the desired result. For the duration of the spell, the desired result will occur three times more often than normal.",Uncommon
Stuttered Time (uncommon) (Aura),Air 3 / Spirit 3 / Earth 3,Self,Action,2,10 rounds,"While this aura is active, the caster doesn’t get actions, but can use 3 bonus actions instead. Bonus action spells while the aura is active have a reduced FP cost of 1 but cannot go lower than 1.",Uncommon
Curse of Extremes (Curse) - Upgraded (uncommon),Air 4 / Earth 4 / Spirit 4,100 feet,Action,1,4 Rounds,"Target enemy must either stay stationary, or move their entire movement in a straight line. If they have multiple attacks, a single miss means all attacks miss. If someone attacks the cursed target with multiple attacks, a single hit means all attacks hit.",Uncommon
Hasten Demise (uncommon) (Curse),Air 5 / Earth 5 / Spirit 5,50 feet,Action,3,Instant / until 3 successive turns without damage,"Target enemy gains a curse which creates a demise counter. The demise counter starts at one. At the beginning of the target’s turn, they take spirit damage equal to the demise counter and then the counter increases by one. If the target takes damage from a single source, the demise counter goes up by two (multiple rays from the same spell each count as a source). If the demise counter is above five, the target has disadvantage on all saves. If the demise counter is above ten, they lose 4 AC. All demise counters and the curse will go away if the target doesn’t take damage for 3 successive turns.",Uncommon
Personalize Item (uncommon),Water 2 / Spirit 2 / Earth 2,Touch,Action,1,24 hours,"Touch an inanimate non-magical object. For the duration of the spell, any attempts to magically control it requires a contested roll which notifies the caster of the attempt and who is trying to take control. This spell works within a 5 mile radius.",Uncommon
Plant Knowledge (uncommon),Water 3 / Earth 2 / Spirit 3,30 feet radius,Action,2,Instant,Plants in the range of the spell can offer information about anything that happened in the area for the last 24 hours.,Uncommon
Half Guardian - Upgraded (uncommon),Water 4 / Earth 4 / Spirit 4,30 feet,Action,2,1 minute or until destroyed,A figure made of spirit motes in a shape of the casters discretion appears and guards the player until it destroyed or the duration runs out. Its HPs are three-fourths the casters and it uses the caster’s reaction to impose disadvantage on any creature attacking the player within 30 feet. Half of any damage dealt to the player is prevented and taken instead by the guardian. Damage prevented this way is dealt back to the attacker.,Uncommon
Star Motes (uncommon),Spirit 5 / Water 5 / Earth 5,Self,Bonus,3,10 rounds,"The spell creates 5 star motes which each increase AC by 1. As a free action, the caster can extinguish one mote to give themselves advantage on a save, heal themselves 3d8 damage, or prevent a critical.",Uncommon
Soothe (Upsoka),"Animalians OR WIS 13, Water 3",30 feet,Action,2,Instant / Concentration,"Calm a creature (beast, monstrosity, animal) not to attack or flee. Must be CR less than player level minus two. Any damage to the creature will end the effect. Escalation: Spend 1 point to increase CR by 2 (can spend multiple)",Uncommon
Shield (Schit),"Animalians OR CON 14, Spirit 3",10 feet,Bonus action,2,1 round,"Create a magical force shield up to 10 feet away from the caster. If shield is near self, then add +4 AC. If further away, then the shield may stop forward movement of small creature that runs into it. Escalation: Spend 1 point to increase size of creature stopped by one level.",Uncommon
Speed (Skorost),"Animalians OR WIS 13, Air 5",Self,Bonus action,1,1 round,Increase speed by 30 feet per round. Escalation: Spend 1 point to change cast time to a reaction upon being attacked in melee.,Uncommon
Stun (Shayut),"Animalians OR WIS 14, Spirit 5",30 feet,Action,2,Instant,Target must make a save against WIS DC check or be stunned for 1 round. Escalation: Spend 1 point to increase DC by 2 (can spend multiple),Uncommon
Slam (Khoplat),"Animalians OR WIS 14, Spirit 6",30 feet,Action,3,Instant,Target must make a save against WIS DC check or be stunned for 1 round and take 1d8 force damage. Escalation: Spend 1 point to increase DC by 2 and damage by 1d8 force damage (can spend multiple),Uncommon
Mark of the Phoenix,"Animalians (Hunter 10) OR WIS 14, Water 6, Earth 6",Target,Action,3,Instant,"If the target has fallen below zero hit points, or has died within the last minute, the mark of the phoenix will bring them back to 10 hit points.",Uncommon
Blade Fingers,"Fire 4, Int 13, or Aura Healers",Self,Action,1,1 hour,Your fingernails grow into razor sharp blades that can cut objects or flesh easily. Unarmed attacks become 1d6 slashing.,Uncommon
Mend Flesh,"Water 3, Fire 3, WIS 12, or AURA HEALERS",Touch,Action,1,Instant,Heal target 2d4 damage. Escalation: Spend 1 FP to increase healing by 2d4.,Uncommon
Bodily Attuned (Aura),"Aura Healers OR WIS 15, Water 5, Spirit 4",Self,Action,1,8 hours,Any healing spell you cast gains an additional 1d4 of healing,Uncommon
Surgical Attention (Aura),"Aura Healers OR WIS 15, Water 5, Spirit 4",Self,Action,1,8 hours,Any ally within 30 feet rolls 1d4 for WIS checks,Uncommon
Ropes Efficient (Aura),"Aura Healers OR WIS 15, Water 5, Spirit 4",Self,Action,1,8 hours,Roll advantage on any grapple checks,Uncommon
Devon’s Handy Reflecting Screen,"Water 4, Spirit 4, Dex 13, or Cybermagics",1 Object,Action,2,1 Hour,"The caster turns a small metal object with a flat surface like a coin, or toaster into a miniature screen that will display what an invisible eye can see. The invisible eye can be placed within 30 feet of the caster and will move with them, and can be relocated at any time during the duration.",Uncommon
Short Circuit,"Fire 5, Air 3, Con 12, or Cybermagics",30 feet radius,Action,2,1 hour,Touch a building or house electrical outlet and completely shut down all electricity in range from the touch location for the duration of the spell.,Uncommon
Explode Stone,"Air 7, Earth 2 Dex 15, or Stone Singers",50 feet,Action,2,Instant,The stone beneath the target explodes with shards of sharp rock dealing 4d8 bludgeoning and piercing damage. Escalation: Increase FP cost by 1 for an additional 2d8 damage. Can only escalate twice.,Uncommon
Scene Capture,"Spirit 5, DEX 11 or PROTECTORS",Touch,Action,2,24 Hours,"Choose a visual focus (glass ball, unpowered screen, etc) then choose a point in space and a perspective from that point. The next time an entity crosses through the perspective, a ‘video’ will be viewable on the visual focus chosen. This video’s duration is as long as the entity is moving within the perspective up to 10 minutes. Escalation: Can spend one point to increase resolution or create image for next 10 unique entities.",Uncommon
Faez Footage,"Spirit 6, DEX 14 or PROTECTORS",Touch,Action,3,24 Hours,"Choose a visual focus (glass ball, unpowered screen, etc) then choose a point in space and a perspective from that point. The next time an entity crosses through the perspective, a ‘video’ WITH SOUND will be viewable on the visual focus chosen. This video’s duration is as long as the entity is moving within the perspective up to 10 minutes. Escalation: Can spend one point to increase resolution or create image for next 10 unique entities.",Uncommon
Sigil Bond,Arcanium (Runic Design) OR Earth 6,Two people,1 minute,2,1 hour,"The two recipients of the bond are linked by the sigil for the duration of the spell. They can pass messages, sense what’s happening to the other, and any damage they take is shared equally between the two.",Uncommon
Sigil of Intensity (Aura),Arcanium (Runic Design) OR Earth 7,Self,1 minute,2,8 hours,"A sigil is drawn onto the flesh which quickly turns invisible once the spell is complete. The sigil gives the character +2 perception, +2 initiative, and advantage on rolls for skill checks during combat.",Uncommon
Sigil of Warding,Arcanium (Runic Design) OR Earth 7,A location,1 minute,3,Permanent until triggered,"A sigil is placed on a location no larger than 10’ x 10’ that cannot be seen with the naked eye. The sigil can be detected using faez or other detection methods. If the “trigger” is met, then the sigil explodes for 4d8 force damage in a 20 ft radius. The trigger must be a condition that the spell can understand (ie - When Bob Morehouse walks over the Sigil, or if a demon walks over the Sigil, etc.)",Uncommon
Domain Alert,Arcanium (Runic Design 5) or INT 13,Touch,Action,1,1 Hour,"The targeted area is surrounded by ghostly runes. If any individual crosses the threshold, the caster will be mentally notified. Escalation: Can spend 1 additional point to increase the duration to 24 hours.",Uncommon
Ice Hold’s Vault,Arcanium (Runic Design 7) or INT15,Touch,Action,1,24 Hours,"The caster or area is surrounded by ghostly runes. Anyone who enters the area or makes a successful attack against the protected individual makes a strength save. On a failure, they are dealt 1d10 of ice damage and pushed away 10 feet. On a success, they are not pushed away. Escalation: Can spend 1 additional point increase damage by 1d10. Escalation: Can spend 1 additional to target an individual other than the caster.",Uncommon
Fire Within,Arcanium (Runic Design 7) or INT 15,Touch,Action,1,24 hours,"The caster or area is surrounded by ghostly runes. Anyone who enters the area or makes a successful attack against the protected individual makes a dexterity save. On a failure, they are dealt 1d10 of fire damage and set on fire. On a success, they are not on fire. When on fire, they may use an action to put the flames out. Each turn they end while on fire, they take 2d6 fire damage. Escalation: Can spend 1 additional point increase the initial damage by 1d10. Escalation: Can spend 1 additional to target an individual other than the caster.",Uncommon
Refraction Sphere,Arcanium (Runic Design 9) or INT 15,Touch,Action,1,1 Hour,The targeted area looks slightly askew in regard to its actual interior. Targeting attacks made that pass through the boundary are made at disadvantage. Escalation: Can spend 1 additional point to increase the duration to 24 hours.,Uncommon
Refraction Suit,Arcanium (Runic Design 9) or INT 15,Touch,Action,3,10 minutes,The caster looks slightly askew. Ranged attacks are made at disadvantage. Escalation: Can spend 1 additional point to increase the duration to 1 hour. Escalation: Can spend 1 additional to target an individual other than the caster.,Uncommon
Ritual - Summon Infernal Imp (Uncommon),"Fire 4, Spirit 3, Dex 13, Con 15",Summoning Circle,5 minutes,5,5 minutes,Casters: 1-3 mages | Other: Requires a summoning circle made from ritual materials (Low) | Checks: 1) DC13 Dex Check 2) DC 15 Con Check 3) DC 12 Fire Check | Failure: 2d8 fire damage / Imp is loose and wants to kill the caster | Success: Either the caster may ask the Imp up to 3 questions that it will answer if it knows (Imps are notorious secret hounds); or the Imp may help the caster with a physical or arcane problem for up to 1 hour.,Uncommon
Ritual - Summon Infernal Stalker (Uncommon),"Air 4, Fire 3, Wis 13, Con 15",Summoning Circle,5 minutes,5,1 hour,"Casters: 1-3 mages | Other: Requires a summoning circle made from ritual materials (Low) | Checks: 1) DC13 Wis Check 2) DC 15 Con Check 3) DC 12 Air Check | Failure: 2d8 air damage / Stalker is loose and wants to kill the ritualists | Success: The infernal stalker will track down and spy on target enemy for up to 1 hour, relaying information telepathically while doing so. The stalker is nearly invisible.",Uncommon
Ritual - Summon Infernal Shockfiend (Uncommon),"Water 4, Fire 4, Int 13, Cha 15",Summoning Circle,5 minutes,5,1 hour,Casters: 1-3 mages | Other: Requires a summoning circle made from ritual materials (Low) | Checks: 1) DC13 Int Check 2) DC 15 Cha Check 3) DC 12 Water or Fire Check | Failure: 3d8 lightning damage / Shockfiend is loose and wants to kill the ritualists | Success: The infernal shockfiend will fight by the casters side for 1 hour.,Uncommon
Ritual - Purge Corruption (Uncommon),"Water 5, Earth 5, Wis 13, Con 15",Summoning Circle,5 minutes,4,Instant,"Casters: 1-3 mages | Other: Requires a summoning circle made from ritual materials (Low) | Checks: 1) DC13 Wis Check 2) DC 15 Con Check 3) DC14 Water Check | Failure: The target of the ritual takes 3d6 water damage and is unconscious for 1 hour. | Success: The target of the ritual heals to full, is cleansed of any poisons or minor diseases, and any other minor negative conditions.",Uncommon
Ritual - Peer into the Abyss (Uncommon),"Spirit 5, Air 5, Int 13, Wis 15",Summoning Circle,5 minutes,5,Up to 1 hour,Casters: 1-3 mages | Other: Requires a summoning circle made from ritual materials (Medium) | Checks: 1) DC13 Int Check 2) DC 15 Wis Check 3) DC 13 Spirit Check | Failure: All ritualists lose 1 FP and gain 1 level of exhaustion | Success: The ritual reveals what happened in the area that the ritual was performed sometime in the last 24 hours. The ritualist can control the time and repeat the visions as necessary for up to 1 hour.,Uncommon
Ritual - Uncanny Foresight (Uncommon),"Spirit 5, Water 3, Int 14",Summoning Circle,1 minutes,2,Until long rest,"Casters: 1-3 mages | Other: Requires a summoning circle made from ritual materials (Low) | Checks: 1) DC14 Int Check 2) DC14 Spirit Check | Failure: Ritualists have -1 to all checks until a long rest | Success: Target caster (must be one of the ritualists) will gain 3 luck rolls to be used before a long rest. The caster may use one of these d20 rolls to replace another roll for any attack, skill, or ability check.",Uncommon
Ritual - The Brutalist (Uncommon),"Fire 5, Earth 3, Int 12",Summoning Circle,1 minutes,2,Until long rest,"Casters: 1-3 mages | Other: Requires a summoning circle made from ritual materials (Low) | Checks: 1) DC14 Fire Check 2) DC14 Earth Check | Failure: All ritualists take 1d8 damage and lose an additional FE point | Success: Target caster (must be one of the ritualists) will gain +2 AC, +2 to hit and damage for melee attacks, and gains 15 temporary hit points. The ritual lasts until a long rest. Can only have the benefits of one personal ritual at a time.",Uncommon
Ritual - The Zephyr (Uncommon),"Air 5, Earth 3",Summoning Circle,1 minutes,2,Until long rest,"Casters: 1-3 mages | Other: Requires a summoning circle made from ritual materials (Low) | Checks: 1) DC14 Air Check 2) DC14 Earth Check | Failure: All ritualists lose 10 feet of movement per round for the rest of the day | Success: Target caster (must be one of the ritualists) will gain 20 additional feet of speed, advantage on DEX rolls, and increased jumping distance by 50%. The ritual lasts until a long rest. Can only have the benefits of one personal ritual at a time.",Uncommon
Ritual - Aquatic Adaptation (Uncommon),"Fire 5, Water 5, Str 13, Con 15",Summoning Circle,5 minutes,4 + 1 per mage,2 hours,Casters: 1-5 mages | Other: Requires a summoning circle made from ritual materials (Medium) | Checks: 1) DC13 Str Check 2) DC15 Con Check 3) DC16 Water Check | Failure: All ritualists lose 1 FP. | Success: All ritualists grow webbing between their hands and feet and grow gills. They gain a swim speed equal to their movement speed and can breath under water. The effect lasts for 2 hours.,Uncommon
Ritual - Adapt to Extremes (Uncommon),"Fire 5, Water 5, Str 13, Con 15",Summoning Circle,5 minutes,4 + 1 per mage,8 hours,"Casters: 1-5 mages | Other: Requires a summoning circle made from ritual materials (Medium) | Checks: 1) DC13 Str Check 2) DC15 Con Check 3) DC15 Water Check | Failure: All ritualists lose 1 FP. | Success: All ritualists become adapted to a difficult but hospitable environment that must be designated (desert, jungle, tundra, etc.) For example, adapting to desert would make them resistant to the heat and dehydration. They can also move over difficult terrain as if it were normal and roll enviromental checks at advantage. The effect lasts for 8 hours.",Uncommon
Ritual - Bolster Team (Uncommon),"Earth 5, Water 5, Str 13, Con 15",Summoning Circle,5 minutes,5 + 1 per mage,1 hour,"Casters: 1-5 mages | Other: Requires a summoning circle made from ritual materials (Medium) | Checks: 1) DC13 Str Check 2) DC15 Con Check 3) DC15 Water Check | Failure: All ritualists lose 1 FP and have -1 to attack and ability checks for 1 hour. | Success: All ritualists gain +2 AC, 10 temporary hit points, +1 to saves, and cannot be frightened. The effect lasts for 1 hour.",Uncommon
Ritual - Summon Torment Vine (Uncommon),"Water 5, Earth 4, Str 13, Con 15",Summoning Circle,5 minutes,5,1 hour,"Casters: 1-3 mages | Other: Requires a summoning circle made from ritual materials (Low) | Checks: 1) DC13 Str Check 2) DC 15 Con Check 3) DC14 Str Check | Failure: All ritualists lose 1 FP | Success: The ritualist designates a 40’ by 40’ area that will become covered in the torment vine. The torment vine is difficult terrain for anyone designated by the ritualist as an enemy. The ritualists can have the torment vine attack anyone in the area, dealing 2d6 bludgeoning damage at the start of every turn they are in the patch. The torment vine may be directed to shape itself by combining and lengthening to create barriers or bridges. The torment vine lasts for 1 hour.",Uncommon
Ritual - Forced Binding (Uncommon),"Air 6, Spirit 5, Wis 15, Cha 17",Summoning Circle,5 minutes,6,24 hours,Casters: 1-4 mages | Other: Requires a summoning circle made from ritual materials (Medium) | Checks: 1) DC15 Wis Check 2) DC 17 Cha Check 3) DC 14 Air Check | Failure: 4d8 air damage / Target creature is loose and wants to kill the ritualists | Success: The binding puts the creature under control of the ritualist. The creature will remain in control for 24 hours and will take direction from the ritualist including fighting. The creature will understand what’s happening and will remember after the ritual. The creature must have a CR of less the ritualists highest FE score to be bound.,Uncommon
Ritual - Traveler in Light (Uncommon),"Air 6, Water 6, Dex 14, Con 15",Summoning Circle,5 minutes,3 + 1 per mage,8 hours,"Casters: 1-7 mages | Other: Requires a summoning circle made from ritual materials (Low) | Checks: 1) DC16 Air Check 2) DC16 Earth Check 3) DC16 Water Check | Failure: All ritualists lose 1 FP. | Success: All ritualists gain an additional 30 foot non-combat movement speed, can move through difficult terrain as if it were normal, and if they are concealed by foliage they automatically roll a 10 on a stealth check. The effect lasts for 8 hours.",Uncommon
Ritual - Illusionary Terrain (Uncommon),"Spirit 6, Fire 4, Int 13, Wis 15",Summoning Circle,5 minutes,5,2 hours,"Casters: 1-3 mages | Other: Requires a summoning circle made from ritual materials (Med) | Checks: 1) DC13 Int Check 2) DC 15 Wis Check 3) DC15 Spirit Check | Failure: All ritualists lose 1 FP | Success: The ritualist designates a 30’ by 30’ or smaller area that will become covered in an illusion. The illusionary terrain can make the space look like anything else including putting flooring over pits, or hiding rocky terrain beneath short grass. Upon first interaction, enemies can make a DC 15 WIS save to reckognize that there is an illusion. However, this does not make the illusion go away. If an enemy takes damage from misinterpretring the illusion, they can make an additional save at advantage. The illusionary terrain lasts for 2 hours.",Uncommon
Ritual - Shape the Battleifled (Uncommon),"Fire 6, Earth 4, Int 13, Str 15",Summoning Circle,10 minutes,7,1 hour,Casters: 1-3 mages | Other: Requires a summoning circle made from ritual materials (Med) | Checks: 1) DC13 Int Check 2) DC 15 Str Check 3) DC15 Fire Check | Failure: All ritualists lose 1 FP | Success: The ritualist designates a 40’ by 40’ or smaller area to become shaped into new forms. This area must be natural terrain and not man made. Any man made items or building will not be affected by the spell. Flat terrain can be changed into difficult. Short walls can be grown from the earth. Pits no deeper than 5 feet can be created. The changed terrain lasts for 1 hour.,Uncommon
Ritual - Summon Veil Walker (Uncommon),"Earth 6, Int 14, Spectral Field",Spectral Field,1 minutes,3,Instant,"Casters: 1-3 mages | Other: Requires a spectral field (Master of the Veil) | Checks: 1) DC12 Int Check 2) DC14 Earth Check | Failure: 1d8 earth damage / Veil Walker refuses the summons | Success: The caster summons a Veil Walker which can answer questions about someone who has died in the last month. The walker may have interacted with them, felt their imprint, or go back into the Veil for a minute or two before returning with the information requested.",Uncommon
Ritual - Twist Weather (Uncommon),"Air 7 , Earth 7, Water 7, Con 17",Summoning Circle,10 minutes,7,1 hour,"Casters: 1-5 mages | Other: Requires a summoning circle made from ritual materials (Medium) | Checks: 1) DC16 Air Check 2) DC16 Earth Check 3) DC16 Water Check | Failure: All ritualists take 3d8 air, 3d8 earth, and 3d8 water damage and the weather will act unpredictably and dangerously for the next hour | Success: The ritualist can dictate the weather in a 1 mile radius. Direct control of specific phenomena is not possible, but large scale formations including tornados and lightning can be nudged in one direction or another. Heavy rains, hail, or blizzards are also possible. The ritual must be cast outside.",Uncommon
